{"pageProps":{"locale":"en","location":{"geonameid":2638250,"name":"Sefton","country":"GB","admin1":"ENG","admin2":"L8","admin3":"00CA007","latitude":"53.5040700","longitude":"-2.9719600","alternatenames":"Borough Metropolitano de Sefton,Metropolitan Borough of Sefton,Sefton,sai fu dun dou hui zi zhi shi,塞夫頓都會自治市"},"country":{"geonameid":2635167,"name":"United Kingdom of Great Britain and Northern Ireland","country":"GB"},"admin1":{"geonameid":6269131,"name":"England","admin1":"ENG"},"admin2":{"geonameid":3333192,"name":"Sefton","admin1":"ENG","admin2":"L8"},"admin3":{"geonameid":7295996,"name":"Sefton","admin1":"ENG","admin2":"L8","admin3":"00CA007"},"alternateNames":[{"isoLanguage":"en","alternateName":"Great Britain"},{"isoLanguage":"en","alternateName":"Britain"},{"isoLanguage":"en","alternateName":"United Kingdom"},{"isoLanguage":"ro","alternateName":"Marea Britanie"},{"isoLanguage":"ro","alternateName":"Regatul Unit al Marii Britanii și al Irlandei de Nord"},{"isoLanguage":"en","alternateName":"UK"},{"isoLanguage":"en","alternateName":"U.K."},{"isoLanguage":"en","alternateName":"United Kingdom of Great Britain and Northern Ireland"},{"isoLanguage":"en","alternateName":"Metropolitan Borough of Sefton"},{"isoLanguage":"en","alternateName":"Sefton"},{"isoLanguage":"en","alternateName":"Sefton"},{"isoLanguage":"en","alternateName":"Metropolitan Borough of Sefton"},{"isoLanguage":"en","alternateName":"England"}]},"__N_SSG":true}