{"pageProps":{"locale":"it","location":{"geonameid":3171155,"name":"Bettola-Zeloforomagno","country":"IT","admin1":"09","admin2":"MI","admin3":"015171","latitude":"45.4308000","longitude":"9.3087000","alternatenames":""},"country":{"geonameid":3175395,"name":"Italian Republic","country":"IT"},"admin1":{"geonameid":3174618,"name":"Lombardia","admin1":"09","localeAltName":"Lombardia"},"admin2":{"geonameid":3173434,"name":"Città metropolitana di Milano","admin1":"09","admin2":"MI","localeAltName":"Milano"},"admin3":{"geonameid":3171153,"name":"Peschiera Borromeo","admin1":"09","admin2":"MI","admin3":"015171","localeAltName":null},"alternateNames":[{"geonameid":3173434,"isoLanguage":"it","alternateName":"Milano"},{"geonameid":3174618,"isoLanguage":"it","alternateName":"Lombardia"},{"geonameid":3175395,"isoLanguage":"it","alternateName":"Italia"}]},"__N_SSG":true}