{"pageProps":{"locale":"en","location":{"geonameid":2656955,"name":"Ashford","country":"GB","admin1":"ENG","admin2":"G5","admin3":"29UB","latitude":"51.1464800","longitude":"0.8737600","alternatenames":"Asfordas,Ashford,Ashford i Kent,Ašfordas,Ehshford,Eshford,QDH,a shen fu de,aesyupeodeu,ashfwrd  knt,Ешфорд,Эшфорд,اشفورد، کنت,阿什福德,애슈퍼드"},"country":{"geonameid":2635167,"name":"United Kingdom of Great Britain and Northern Ireland","country":"GB"},"admin1":{"geonameid":6269131,"name":"England","admin1":"ENG"},"admin2":{"geonameid":3333158,"name":"Kent","admin1":"ENG","admin2":"G5"},"admin3":{"geonameid":7290570,"name":"Ashford District","admin1":"ENG","admin2":"G5","admin3":"29UB"},"alternateNames":[{"isoLanguage":"en","alternateName":"Great Britain"},{"isoLanguage":"en","alternateName":"Britain"},{"isoLanguage":"en","alternateName":"United Kingdom"},{"isoLanguage":"ro","alternateName":"Marea Britanie"},{"isoLanguage":"ro","alternateName":"Regatul Unit al Marii Britanii și al Irlandei de Nord"},{"isoLanguage":"en","alternateName":"UK"},{"isoLanguage":"en","alternateName":"U.K."},{"isoLanguage":"en","alternateName":"United Kingdom of Great Britain and Northern Ireland"},{"isoLanguage":"en","alternateName":"Ashford"},{"isoLanguage":"en","alternateName":"Kent"},{"isoLanguage":"en","alternateName":"England"},{"isoLanguage":"en","alternateName":"Ashford"}]},"__N_SSG":true}