{"pageProps":{"locale":"en","location":{"geonameid":2638276,"name":"Seaton","country":"GB","admin1":"ENG","admin2":"D8","admin3":"00EJ097","latitude":"54.8431100","longitude":"-1.3835000"},"country":{"geonameid":2635167,"name":"United Kingdom of Great Britain and Northern Ireland","country":"GB"},"admin1":{"geonameid":6269131,"name":"England","admin1":"ENG"},"admin2":{"geonameid":2650629,"name":"County Durham","admin1":"ENG","admin2":"D8"},"admin3":{"geonameid":7294224,"name":"Seaton with Slingley","admin1":"ENG","admin2":"D8","admin3":"00EJ097"},"alternateNames":[{"isoLanguage":"en","alternateName":"Great Britain"},{"isoLanguage":"en","alternateName":"Britain"},{"isoLanguage":"en","alternateName":"United Kingdom"},{"isoLanguage":"ro","alternateName":"Marea Britanie"},{"isoLanguage":"ro","alternateName":"Regatul Unit al Marii Britanii și al Irlandei de Nord"},{"isoLanguage":"en","alternateName":"UK"},{"isoLanguage":"en","alternateName":"U.K."},{"isoLanguage":"en","alternateName":"United Kingdom of Great Britain and Northern Ireland"},{"isoLanguage":"en","alternateName":"Durham"},{"isoLanguage":"en","alternateName":"England"}]},"__N_SSG":true}